{"BaseData":{"ReportId":"G270917270146","UnitOfLength":"FEET","Address":"15 Harvard Way, Newbury, MA, 01951","Coordinates":"42.793271,-70.809292"},"Roofs":[{"Id":"ROOF1","Faces":[{"Id":"F10","Type":"ROOFPENETRATION","Children":[],"Polygon":{"Id":"F10","Orientation":7.15,"Pitch":18.0,"Size":6.0,"UnroundedSize":6.495813366508964,"Lines":[{"Id":"L36","Type":"STEPFLASHING","Points":[{"Id":"C35","CoordinateX":10.253362000016494,"CoordinateY":8.299623438715935,"CoordinateZ":15.463802719999999},{"Id":"C36","CoordinateX":10.049109839983284,"CoordinateY":6.6723924789577715,"CoordinateZ":15.463802719999999}]},{"Id":"L37","Type":"STEPFLASHING","Points":[{"Id":"C36","CoordinateX":10.049109839983284,"CoordinateY":6.6723924789577715,"CoordinateZ":15.463802719999999},{"Id":"C37","CoordinateX":12.189552560006268,"CoordinateY":6.403721119835972,"CoordinateZ":12.141943359999999}]},{"Id":"L38","Type":"STEPFLASHING","Points":[{"Id":"C37","CoordinateX":12.189552560006268,"CoordinateY":6.403721119835972,"CoordinateZ":12.141943359999999},{"Id":"C38","CoordinateX":12.393804720039478,"CoordinateY":8.030952079594135,"CoordinateZ":12.141943359999999}]},{"Id":"L39","Type":"STEPFLASHING","Points":[{"Id":"C38","CoordinateX":12.393804720039478,"CoordinateY":8.030952079594135,"CoordinateZ":12.141943359999999},{"Id":"C35","CoordinateX":10.253362000016494,"CoordinateY":8.299623438715935,"CoordinateZ":15.463802719999999}]}],"Pitchuom":"","Sizeuom":"","Material":""}},{"Id":"F12","Type":"ROOFPENETRATION","Children":[],"Polygon":{"Id":"F12","Orientation":7.15,"Pitch":18.0,"Size":6.0,"UnroundedSize":6.495813366508964,"Lines":[{"Id":"L44","Type":"STEPFLASHING","Points":[{"Id":"C43","CoordinateX":12.602265120041556,"CoordinateY":27.012781117856502,"CoordinateZ":15.463802719999999},{"Id":"C44","CoordinateX":12.398012960008344,"CoordinateY":25.38555015809834,"CoordinateZ":15.463802719999999}]},{"Id":"L45","Type":"STEPFLASHING","Points":[{"Id":"C44","CoordinateX":12.398012960008344,"CoordinateY":25.38555015809834,"CoordinateZ":15.463802719999999},{"Id":"C45","CoordinateX":14.538455680031328,"CoordinateY":25.11687879897654,"CoordinateZ":12.141943359999999}]},{"Id":"L46","Type":"STEPFLASHING","Points":[{"Id":"C45","CoordinateX":14.538455680031328,"CoordinateY":25.11687879897654,"CoordinateZ":12.141943359999999},{"Id":"C46","CoordinateX":14.74270784006454,"CoordinateY":26.7441097587347,"CoordinateZ":12.141943359999999}]},{"Id":"L47","Type":"STEPFLASHING","Points":[{"Id":"C46","CoordinateX":14.74270784006454,"CoordinateY":26.7441097587347,"CoordinateZ":12.141943359999999},{"Id":"C43","CoordinateX":12.602265120041556,"CoordinateY":27.012781117856502,"CoordinateZ":15.463802719999999}]}],"Pitchuom":"","Sizeuom":"","Material":""}},{"Id":"F11","Type":"ROOFPENETRATION","Children":[],"Polygon":{"Id":"F11","Orientation":7.15,"Pitch":18.0,"Size":6.0,"UnroundedSize":6.49581627351126,"Lines":[{"Id":"L40","Type":"STEPFLASHING","Points":[{"Id":"C39","CoordinateX":11.070370639958417,"CoordinateY":14.808547277748584,"CoordinateZ":15.463802719999999},{"Id":"C40","CoordinateX":10.866118480116128,"CoordinateY":13.181316317990422,"CoordinateZ":15.463802719999999}]},{"Id":"L41","Type":"STEPFLASHING","Points":[{"Id":"C40","CoordinateX":10.866118480116128,"CoordinateY":13.181316317990422,"CoordinateZ":15.463802719999999},{"Id":"C41","CoordinateX":13.006564479973166,"CoordinateY":12.912644958868622,"CoordinateZ":12.141943359999999}]},{"Id":"L42","Type":"STEPFLASHING","Points":[{"Id":"C41","CoordinateX":13.006564479973166,"CoordinateY":12.912644958868622,"CoordinateZ":12.141943359999999},{"Id":"C42","CoordinateX":13.210816640006378,"CoordinateY":14.539875918626784,"CoordinateZ":12.141943359999999}]},{"Id":"L43","Type":"STEPFLASHING","Points":[{"Id":"C42","CoordinateX":13.210816640006378,"CoordinateY":14.539875918626784,"CoordinateZ":12.141943359999999},{"Id":"C39","CoordinateX":11.070370639958417,"CoordinateY":14.808547277748584,"CoordinateZ":15.463802719999999}]}],"Pitchuom":"","Sizeuom":"","Material":""}},{"Id":"F14","Type":"ROOFPENETRATION","Children":[],"Polygon":{"Id":"F14","Orientation":7.15,"Pitch":18.0,"Size":5.0,"UnroundedSize":4.938318414200003,"Lines":[{"Id":"L52","Type":"STEPFLASHING","Points":[{"Id":"C51","CoordinateX":15.048092239992693,"CoordinateY":30.342089358344673,"CoordinateZ":12.365376959999999},{"Id":"C52","CoordinateX":15.252344400025903,"CoordinateY":31.969320318102834,"CoordinateZ":12.365376959999999}]},{"Id":"L53","Type":"STEPFLASHING","Points":[{"Id":"C52","CoordinateX":15.252344400025903,"CoordinateY":31.969320318102834,"CoordinateZ":12.365376959999999},{"Id":"C53","CoordinateX":13.62511344007682,"CoordinateY":32.17357247851789,"CoordinateZ":14.890757199999998}]},{"Id":"L54","Type":"STEPFLASHING","Points":[{"Id":"C53","CoordinateX":13.62511344007682,"CoordinateY":32.17357247851789,"CoordinateZ":14.890757199999998},{"Id":"C54","CoordinateX":13.420861280043608,"CoordinateY":30.546341518759725,"CoordinateZ":14.890757199999998}]},{"Id":"L55","Type":"STEPFLASHING","Points":[{"Id":"C54","CoordinateX":13.420861280043608,"CoordinateY":30.546341518759725,"CoordinateZ":14.890757199999998},{"Id":"C51","CoordinateX":15.048092239992693,"CoordinateY":30.342089358344673,"CoordinateZ":12.365376959999999}]}],"Pitchuom":"","Sizeuom":"","Material":""}},{"Id":"F13","Type":"ROOFPENETRATION","Children":[],"Polygon":{"Id":"F13","Orientation":7.15,"Pitch":18.0,"Size":6.0,"UnroundedSize":6.495808860569443,"Lines":[{"Id":"L48","Type":"STEPFLASHING","Points":[{"Id":"C47","CoordinateX":9.595849920110776,"CoordinateY":29.0430191193521,"CoordinateZ":20.44658848},{"Id":"C48","CoordinateX":9.391597760077566,"CoordinateY":27.415788159593937,"CoordinateZ":20.44658848}]},{"Id":"L49","Type":"STEPFLASHING","Points":[{"Id":"C48","CoordinateX":9.391597760077566,"CoordinateY":27.415788159593937,"CoordinateZ":20.44658848},{"Id":"C49","CoordinateX":11.53204048010055,"CoordinateY":27.1471167974174,"CoordinateZ":17.1247324}]},{"Id":"L50","Type":"STEPFLASHING","Points":[{"Id":"C49","CoordinateX":11.53204048010055,"CoordinateY":27.1471167974174,"CoordinateZ":17.1247324},{"Id":"C50","CoordinateX":11.736292639942839,"CoordinateY":28.774347760230302,"CoordinateZ":17.1247324}]},{"Id":"L51","Type":"STEPFLASHING","Points":[{"Id":"C50","CoordinateX":11.736292639942839,"CoordinateY":28.774347760230302,"CoordinateZ":17.1247324},{"Id":"C47","CoordinateX":9.595849920110776,"CoordinateY":29.0430191193521,"CoordinateZ":20.44658848}]}],"Pitchuom":"","Sizeuom":"","Material":""}},{"Id":"F1","Type":"ROOF","Children":["F9","F10","F11","F12","F13","F14","F15"],"Polygon":{"Id":"P1","Orientation":7.15,"Pitch":18.0,"Size":886.0,"UnroundedSize":885.9339832239438,"Lines":[{"Id":"L1","Type":"RIDGE","Points":[{"Id":"C1","CoordinateX":0.0,"CoordinateY":0.0,"CoordinateZ":29.53795144},{"Id":"C2","CoordinateX":4.697802960025147,"CoordinateY":37.42631535828113,"CoordinateZ":29.53795144}]},{"Id":"L2","Type":"RAKE","Points":[{"Id":"C2","CoordinateX":4.697802960025147,"CoordinateY":37.42631535828113,"CoordinateZ":29.53795144},{"Id":"C3","CoordinateX":17.390205760058013,"CoordinateY":35.833147199004884,"CoordinateZ":9.84}]},{"Id":"L3","Type":"EAVE","Points":[{"Id":"C3","CoordinateX":17.390205760058013,"CoordinateY":35.833147199004884,"CoordinateZ":9.84},{"Id":"C4","CoordinateX":12.692402800032868,"CoordinateY":-1.593168162330985,"CoordinateZ":9.84}]},{"Id":"L4","Type":"RAKE","Points":[{"Id":"C4","CoordinateX":12.692402800032868,"CoordinateY":-1.593168162330985,"CoordinateZ":9.84},{"Id":"C1","CoordinateX":0.0,"CoordinateY":0.0,"CoordinateZ":29.53795144}]}],"Pitchuom":"","Sizeuom":"","Material":""}},{"Id":"F15","Type":"ROOFPENETRATION","Children":[],"Polygon":{"Id":"F15","Orientation":7.15,"Pitch":18.0,"Size":5.0,"UnroundedSize":4.938318414200003,"Lines":[{"Id":"L56","Type":"STEPFLASHING","Points":[{"Id":"C55","CoordinateX":10.057483679978176,"CoordinateY":16.9191288793087,"CoordinateZ":17.41613416},{"Id":"C56","CoordinateX":10.261735840011388,"CoordinateY":18.546359839066863,"CoordinateZ":17.41613416}]},{"Id":"L57","Type":"STEPFLASHING","Points":[{"Id":"C56","CoordinateX":10.261735840011388,"CoordinateY":18.546359839066863,"CoordinateZ":17.41613416},{"Id":"C57","CoordinateX":8.634504880062304,"CoordinateY":18.750611999481915,"CoordinateZ":19.9415144}]},{"Id":"L58","Type":"STEPFLASHING","Points":[{"Id":"C57","CoordinateX":8.634504880062304,"CoordinateY":18.750611999481915,"CoordinateZ":19.9415144},{"Id":"C58","CoordinateX":8.430252720029094,"CoordinateY":17.123381039723753,"CoordinateZ":19.9415144}]},{"Id":"L59","Type":"STEPFLASHING","Points":[{"Id":"C58","CoordinateX":8.430252720029094,"CoordinateY":17.123381039723753,"CoordinateZ":19.9415144},{"Id":"C55","CoordinateX":10.057483679978176,"CoordinateY":16.9191288793087,"CoordinateZ":17.41613416}]}],"Pitchuom":"","Sizeuom":"","Material":""}},{"Id":"F2","Type":"ROOF","Children":["F3","F4","F5","F6","F7","F8"],"Polygon":{"Id":"P2","Orientation":172.85,"Pitch":18.0,"Size":886.0,"UnroundedSize":885.9339831751753,"Lines":[{"Id":"L1","Type":"RIDGE","Points":[{"Id":"C1","CoordinateX":0.0,"CoordinateY":0.0,"CoordinateZ":29.53795144},{"Id":"C2","CoordinateX":4.697802960025147,"CoordinateY":37.42631535828113,"CoordinateZ":29.53795144}]},{"Id":"L5","Type":"RAKE","Points":[{"Id":"C2","CoordinateX":4.697802960025147,"CoordinateY":37.42631535828113,"CoordinateZ":29.53795144},{"Id":"C5","CoordinateX":-7.994599840007722,"CoordinateY":39.01948351755738,"CoordinateZ":9.84}]},{"Id":"L6","Type":"EAVE","Points":[{"Id":"C5","CoordinateX":-7.994599840007722,"CoordinateY":39.01948351755738,"CoordinateZ":9.84},{"Id":"C6","CoordinateX":-12.692402800032868,"CoordinateY":1.593168159276247,"CoordinateZ":9.84}]},{"Id":"L7","Type":"RAKE","Points":[{"Id":"C6","CoordinateX":-12.692402800032868,"CoordinateY":1.593168159276247,"CoordinateZ":9.84},{"Id":"C1","CoordinateX":0.0,"CoordinateY":0.0,"CoordinateZ":29.53795144}]}],"Pitchuom":"","Sizeuom":"","Material":""}},{"Id":"F3","Type":"ROOFPENETRATION","Children":[],"Polygon":{"Id":"F3","Orientation":172.85,"Pitch":18.0,"Size":6.0,"UnroundedSize":6.495811762067533,"Lines":[{"Id":"L8","Type":"STEPFLASHING","Points":[{"Id":"C7","CoordinateX":-3.6193651999766003,"CoordinateY":27.230786319896577,"CoordinateZ":18.7856588},{"Id":"C8","CoordinateX":-3.4151130399433893,"CoordinateY":28.85801727965474,"CoordinateZ":18.7856588}]},{"Id":"L9","Type":"STEPFLASHING","Points":[{"Id":"C8","CoordinateX":-3.4151130399433893,"CoordinateY":28.85801727965474,"CoordinateZ":18.7856588},{"Id":"C9","CoordinateX":-5.555559039991349,"CoordinateY":29.12668863877654,"CoordinateZ":15.463802719999999}]},{"Id":"L10","Type":"STEPFLASHING","Points":[{"Id":"C9","CoordinateX":-5.555559039991349,"CoordinateY":29.12668863877654,"CoordinateZ":15.463802719999999},{"Id":"C10","CoordinateX":-5.75981120002456,"CoordinateY":27.499457679018377,"CoordinateZ":15.463802719999999}]},{"Id":"L11","Type":"STEPFLASHING","Points":[{"Id":"C10","CoordinateX":-5.75981120002456,"CoordinateY":27.499457679018377,"CoordinateZ":15.463802719999999},{"Id":"C7","CoordinateX":-3.6193651999766003,"CoordinateY":27.230786319896577,"CoordinateZ":18.7856588}]}],"Pitchuom":"","Sizeuom":"","Material":""}},{"Id":"F4","Type":"ROOFPENETRATION","Children":[],"Polygon":{"Id":"F4","Orientation":172.85,"Pitch":18.0,"Size":6.0,"UnroundedSize":6.495811768310626,"Lines":[{"Id":"L12","Type":"STEPFLASHING","Points":[{"Id":"C11","CoordinateX":-4.027869520043023,"CoordinateY":23.976324397325513,"CoordinateZ":18.7856588},{"Id":"C12","CoordinateX":-3.823617360009812,"CoordinateY":25.603555360138415,"CoordinateZ":18.7856588}]},{"Id":"L13","Type":"STEPFLASHING","Points":[{"Id":"C12","CoordinateX":-3.823617360009812,"CoordinateY":25.603555360138415,"CoordinateZ":18.7856588},{"Id":"C13","CoordinateX":-5.964063360057771,"CoordinateY":25.872226719260215,"CoordinateZ":15.463802719999999}]},{"Id":"L14","Type":"STEPFLASHING","Points":[{"Id":"C13","CoordinateX":-5.964063360057771,"CoordinateY":25.872226719260215,"CoordinateZ":15.463802719999999},{"Id":"C14","CoordinateX":-6.1683155199000606,"CoordinateY":24.244995759502054,"CoordinateZ":15.463802719999999}]},{"Id":"L15","Type":"STEPFLASHING","Points":[{"Id":"C14","CoordinateX":-6.1683155199000606,"CoordinateY":24.244995759502054,"CoordinateZ":15.463802719999999},{"Id":"C11","CoordinateX":-4.027869520043023,"CoordinateY":23.976324397325513,"CoordinateZ":18.7856588}]}],"Pitchuom":"","Sizeuom":"","Material":""}},{"Id":"F5","Type":"ROOFPENETRATION","Children":[],"Polygon":{"Id":"F5","Orientation":172.85,"Pitch":18.0,"Size":6.0,"UnroundedSize":6.495816273442349,"Lines":[{"Id":"L16","Type":"STEPFLASHING","Points":[{"Id":"C15","CoordinateX":1.8802501599770038,"CoordinateY":23.23472951866686,"CoordinateZ":27.95475776},{"Id":"C16","CoordinateX":2.084502320010215,"CoordinateY":24.861960478425026,"CoordinateZ":27.95475776}]},{"Id":"L17","Type":"STEPFLASHING","Points":[{"Id":"C16","CoordinateX":2.084502320010215,"CoordinateY":24.861960478425026,"CoordinateZ":27.95475776},{"Id":"C17","CoordinateX":-0.05594368003774434,"CoordinateY":25.130631837546822,"CoordinateZ":24.6328984}]},{"Id":"L18","Type":"STEPFLASHING","Points":[{"Id":"C17","CoordinateX":-0.05594368003774434,"CoordinateY":25.130631837546822,"CoordinateZ":24.6328984},{"Id":"C18","CoordinateX":-0.2601958400709554,"CoordinateY":23.50340087778866,"CoordinateZ":24.6328984}]},{"Id":"L19","Type":"STEPFLASHING","Points":[{"Id":"C18","CoordinateX":-0.2601958400709554,"CoordinateY":23.50340087778866,"CoordinateZ":24.6328984},{"Id":"C15","CoordinateX":1.8802501599770038,"CoordinateY":23.23472951866686,"CoordinateZ":27.95475776}]}],"Pitchuom":"","Sizeuom":"","Material":""}},{"Id":"F6","Type":"ROOFPENETRATION","Children":[],"Polygon":{"Id":"F6","Orientation":172.85,"Pitch":18.0,"Size":6.0,"UnroundedSize":6.495808855132129,"Lines":[{"Id":"L20","Type":"STEPFLASHING","Points":[{"Id":"C19","CoordinateX":-5.539339440013282,"CoordinateY":11.934814638346433,"CoordinateZ":18.7856588},{"Id":"C20","CoordinateX":-5.743591600046493,"CoordinateY":10.307583678588271,"CoordinateZ":18.7856588}]},{"Id":"L21","Type":"STEPFLASHING","Points":[{"Id":"C20","CoordinateX":-5.743591600046493,"CoordinateY":10.307583678588271,"CoordinateZ":18.7856588},{"Id":"C21","CoordinateX":-7.8840343200694765,"CoordinateY":10.57625503771007,"CoordinateZ":15.463802719999999}]},{"Id":"L22","Type":"STEPFLASHING","Points":[{"Id":"C21","CoordinateX":-7.8840343200694765,"CoordinateY":10.57625503771007,"CoordinateZ":15.463802719999999},{"Id":"C22","CoordinateX":-7.6797821600362655,"CoordinateY":12.203485997468233,"CoordinateZ":15.463802719999999}]},{"Id":"L23","Type":"STEPFLASHING","Points":[{"Id":"C22","CoordinateX":-7.6797821600362655,"CoordinateY":12.203485997468233,"CoordinateZ":15.463802719999999},{"Id":"C19","CoordinateX":-5.539339440013282,"CoordinateY":11.934814638346433,"CoordinateZ":18.7856588}]}],"Pitchuom":"","Sizeuom":"","Material":""}},{"Id":"F7","Type":"ROOFPENETRATION","Children":[],"Polygon":{"Id":"F7","Orientation":172.85,"Pitch":18.0,"Size":6.0,"UnroundedSize":6.495808861707519,"Lines":[{"Id":"L24","Type":"STEPFLASHING","Points":[{"Id":"C23","CoordinateX":-5.13083511994686,"CoordinateY":15.189276557862758,"CoordinateZ":18.7856588},{"Id":"C24","CoordinateX":-5.335087279980071,"CoordinateY":13.562045598104595,"CoordinateZ":18.7856588}]},{"Id":"L25","Type":"STEPFLASHING","Points":[{"Id":"C24","CoordinateX":-5.335087279980071,"CoordinateY":13.562045598104595,"CoordinateZ":18.7856588},{"Id":"C25","CoordinateX":-7.4755300000030545,"CoordinateY":13.830716957226395,"CoordinateZ":15.463802719999999}]},{"Id":"L26","Type":"STEPFLASHING","Points":[{"Id":"C25","CoordinateX":-7.4755300000030545,"CoordinateY":13.830716957226395,"CoordinateZ":15.463802719999999},{"Id":"C26","CoordinateX":-7.2712778399698434,"CoordinateY":15.457947920039295,"CoordinateZ":15.463802719999999}]},{"Id":"L27","Type":"STEPFLASHING","Points":[{"Id":"C26","CoordinateX":-7.2712778399698434,"CoordinateY":15.457947920039295,"CoordinateZ":15.463802719999999},{"Id":"C23","CoordinateX":-5.13083511994686,"CoordinateY":15.189276557862758,"CoordinateZ":18.7856588}]}],"Pitchuom":"","Sizeuom":"","Material":""}},{"Id":"F8","Type":"ROOFPENETRATION","Children":[],"Polygon":{"Id":"F8","Orientation":172.85,"Pitch":18.0,"Size":6.0,"UnroundedSize":6.495813366508966,"Lines":[{"Id":"L28","Type":"STEPFLASHING","Points":[{"Id":"C27","CoordinateX":0.777284560073167,"CoordinateY":14.447681679204106,"CoordinateZ":27.95475776},{"Id":"C28","CoordinateX":0.5730324000399559,"CoordinateY":12.820450719445944,"CoordinateZ":27.95475776}]},{"Id":"L29","Type":"STEPFLASHING","Points":[{"Id":"C28","CoordinateX":0.5730324000399559,"CoordinateY":12.820450719445944,"CoordinateZ":27.95475776},{"Id":"C29","CoordinateX":-1.5674103199830278,"CoordinateY":13.089122078567742,"CoordinateZ":24.6328984}]},{"Id":"L30","Type":"STEPFLASHING","Points":[{"Id":"C29","CoordinateX":-1.5674103199830278,"CoordinateY":13.089122078567742,"CoordinateZ":24.6328984},{"Id":"C30","CoordinateX":-1.3631581599498166,"CoordinateY":14.716353038325906,"CoordinateZ":24.6328984}]},{"Id":"L31","Type":"STEPFLASHING","Points":[{"Id":"C30","CoordinateX":-1.3631581599498166,"CoordinateY":14.716353038325906,"CoordinateZ":24.6328984},{"Id":"C27","CoordinateX":0.777284560073167,"CoordinateY":14.447681679204106,"CoordinateZ":27.95475776}]}],"Pitchuom":"","Sizeuom":"","Material":""}},{"Id":"F9","Type":"ROOFPENETRATION","Children":[],"Polygon":{"Id":"F9","Orientation":7.15,"Pitch":18.0,"Size":6.0,"UnroundedSize":6.495811761898328,"Lines":[{"Id":"L32","Type":"STEPFLASHING","Points":[{"Id":"C31","CoordinateX":7.349072880102321,"CoordinateY":11.143478558957575,"CoordinateZ":20.44658848},{"Id":"C32","CoordinateX":7.14482072006911,"CoordinateY":9.516247599199414,"CoordinateZ":20.44658848}]},{"Id":"L33","Type":"STEPFLASHING","Points":[{"Id":"C32","CoordinateX":7.14482072006911,"CoordinateY":9.516247599199414,"CoordinateZ":20.44658848},{"Id":"C33","CoordinateX":9.285266719926149,"CoordinateY":9.247576240077613,"CoordinateZ":17.1247324}]},{"Id":"L34","Type":"STEPFLASHING","Points":[{"Id":"C33","CoordinateX":9.285266719926149,"CoordinateY":9.247576240077613,"CoordinateZ":17.1247324},{"Id":"C34","CoordinateX":9.489518879959359,"CoordinateY":10.874807199835777,"CoordinateZ":17.1247324}]},{"Id":"L35","Type":"STEPFLASHING","Points":[{"Id":"C34","CoordinateX":9.489518879959359,"CoordinateY":10.874807199835777,"CoordinateZ":17.1247324},{"Id":"C31","CoordinateX":7.349072880102321,"CoordinateY":11.143478558957575,"CoordinateZ":20.44658848}]}],"Pitchuom":"","Sizeuom":"","Material":""}}]}]}