{"BaseData":{"ReportId":"G10052238844","UnitOfLength":"FEET","Address":"17977 Valencia, Blvd, Loxahatchee,, FL, 33470,","Coordinates":"26.80268704784029,-80.32700640032671"},"Roofs":[{"Id":"ROOF1","Orientation":0.0,"Faces":[{"Id":"F10","Type":"ROOFPENETRATION","Children":[],"Polygon":{"Id":"P10","Orientation":90.0,"Pitch":5.0,"Size":3.0,"Lines":[{"Id":"L40","Type":"STEPFLASH","Points":[{"Id":"C32","CoordinateX":55.26800000030547,"CoordinateY":18.204000007025897,"CoordinateZ":15.116737459222168},{"Id":"C33","CoordinateX":53.62800000030547,"CoordinateY":18.204000007025897,"CoordinateZ":15.116737459222168}]},{"Id":"L41","Type":"STEPFLASH","Points":[{"Id":"C33","CoordinateX":53.62800000030547,"CoordinateY":18.204000007025897,"CoordinateZ":15.116737459222168},{"Id":"C34","CoordinateX":53.62800000030547,"CoordinateY":19.844000007025898,"CoordinateZ":14.351992900616509}]},{"Id":"L42","Type":"STEPFLASH","Points":[{"Id":"C34","CoordinateX":53.62800000030547,"CoordinateY":19.844000007025898,"CoordinateZ":14.351992900616509},{"Id":"C35","CoordinateX":55.26800000030547,"CoordinateY":19.844000007025898,"CoordinateZ":14.351992900616509}]},{"Id":"L43","Type":"STEPFLASH","Points":[{"Id":"C35","CoordinateX":55.26800000030547,"CoordinateY":19.844000007025898,"CoordinateZ":14.351992900616509},{"Id":"C32","CoordinateX":55.26800000030547,"CoordinateY":18.204000007025897,"CoordinateZ":15.116737459222168}]}],"Pitchuom":"","Sizeuom":"","Material":""}},{"Id":"F12","Type":"ROOFPENETRATION","Children":[],"Polygon":{"Id":"P12","Orientation":90.0,"Pitch":5.0,"Size":1.7,"Lines":[{"Id":"L48","Type":"STEPFLASH","Points":[{"Id":"C40","CoordinateX":1.8831470261048524,"CoordinateY":8.901156751289964,"CoordinateZ":12.767086257519987},{"Id":"C41","CoordinateX":0.627715675495565,"CoordinateY":8.901156751289964,"CoordinateZ":12.767086257519987}]},{"Id":"L49","Type":"STEPFLASH","Points":[{"Id":"C41","CoordinateX":0.627715675495565,"CoordinateY":8.901156751289964,"CoordinateZ":12.767086257519987},{"Id":"C42","CoordinateX":0.627715675495565,"CoordinateY":7.645725401826202,"CoordinateZ":12.181669005099566}]},{"Id":"L50","Type":"STEPFLASH","Points":[{"Id":"C42","CoordinateX":0.627715675495565,"CoordinateY":7.645725401826202,"CoordinateZ":12.181669005099566},{"Id":"C43","CoordinateX":1.8831470261048524,"CoordinateY":7.645725401826202,"CoordinateZ":12.181669005099566}]},{"Id":"L51","Type":"STEPFLASH","Points":[{"Id":"C43","CoordinateX":1.8831470261048524,"CoordinateY":7.645725401826202,"CoordinateZ":12.181669005099566},{"Id":"C40","CoordinateX":1.8831470261048524,"CoordinateY":8.901156751289964,"CoordinateZ":12.767086257519987}]}],"Pitchuom":"","Sizeuom":"","Material":""}},{"Id":"F11","Type":"ROOFPENETRATION","Children":[],"Polygon":{"Id":"P11","Orientation":90.0,"Pitch":5.0,"Size":1.7,"Lines":[{"Id":"L44","Type":"STEPFLASH","Points":[{"Id":"C36","CoordinateX":31.40885297358967,"CoordinateY":11.412019448690115,"CoordinateZ":13.937920764270046},{"Id":"C37","CoordinateX":30.153421623362227,"CoordinateY":11.412019448690115,"CoordinateZ":13.937920764270046}]},{"Id":"L45","Type":"STEPFLASH","Points":[{"Id":"C37","CoordinateX":30.153421623362227,"CoordinateY":11.412019448690115,"CoordinateZ":13.937920764270046},{"Id":"C38","CoordinateX":30.153421623362227,"CoordinateY":10.156588099226354,"CoordinateZ":13.352503511849624}]},{"Id":"L46","Type":"STEPFLASH","Points":[{"Id":"C38","CoordinateX":30.153421623362227,"CoordinateY":10.156588099226354,"CoordinateZ":13.352503511849624},{"Id":"C39","CoordinateX":31.40885297358967,"CoordinateY":10.156588099226354,"CoordinateZ":13.352503511849624}]},{"Id":"L47","Type":"STEPFLASH","Points":[{"Id":"C39","CoordinateX":31.40885297358967,"CoordinateY":10.156588099226354,"CoordinateZ":13.352503511849624},{"Id":"C36","CoordinateX":31.40885297358967,"CoordinateY":11.412019448690115,"CoordinateZ":13.937920764270046}]}],"Pitchuom":"","Sizeuom":"","Material":""}},{"Id":"F14","Type":"ROOFPENETRATION","Children":[],"Polygon":{"Id":"P14","Orientation":90.0,"Pitch":5.0,"Size":3.0,"Lines":[{"Id":"L56","Type":"STEPFLASH","Points":[{"Id":"C48","CoordinateX":60.18800000030547,"CoordinateY":18.379288952760398,"CoordinateZ":15.034998880375941},{"Id":"C49","CoordinateX":58.54800000030547,"CoordinateY":18.379288952760398,"CoordinateZ":15.034998880375941}]},{"Id":"L57","Type":"STEPFLASH","Points":[{"Id":"C49","CoordinateX":58.54800000030547,"CoordinateY":18.379288952760398,"CoordinateZ":15.034998880375941},{"Id":"C50","CoordinateX":58.54800000030547,"CoordinateY":20.019288952760398,"CoordinateZ":14.270254321770278}]},{"Id":"L58","Type":"STEPFLASH","Points":[{"Id":"C50","CoordinateX":58.54800000030547,"CoordinateY":20.019288952760398,"CoordinateZ":14.270254321770278},{"Id":"C51","CoordinateX":60.18800000030547,"CoordinateY":20.019288952760398,"CoordinateZ":14.270254321770278}]},{"Id":"L59","Type":"STEPFLASH","Points":[{"Id":"C51","CoordinateX":60.18800000030547,"CoordinateY":20.019288952760398,"CoordinateZ":14.270254321770278},{"Id":"C48","CoordinateX":60.18800000030547,"CoordinateY":18.379288952760398,"CoordinateZ":15.034998880375941}]}],"Pitchuom":"","Sizeuom":"","Material":""}},{"Id":"F13","Type":"ROOFPENETRATION","Children":[],"Polygon":{"Id":"P13","Orientation":90.0,"Pitch":5.0,"Size":1.7,"Lines":[{"Id":"L52","Type":"STEPFLASH","Points":[{"Id":"C44","CoordinateX":7.5325881040375675,"CoordinateY":12.039735122658312,"CoordinateZ":14.230629388571028},{"Id":"C45","CoordinateX":6.277156753046437,"CoordinateY":12.039735122658312,"CoordinateZ":14.230629388571028}]},{"Id":"L53","Type":"STEPFLASH","Points":[{"Id":"C45","CoordinateX":6.277156753046437,"CoordinateY":12.039735122658312,"CoordinateZ":14.230629388571028},{"Id":"C46","CoordinateX":6.277156753046437,"CoordinateY":10.78430377472192,"CoordinateZ":13.64521213615061}]},{"Id":"L54","Type":"STEPFLASH","Points":[{"Id":"C46","CoordinateX":6.277156753046437,"CoordinateY":10.78430377472192,"CoordinateZ":13.64521213615061},{"Id":"C47","CoordinateX":7.5325881040375675,"CoordinateY":10.78430377472192,"CoordinateZ":13.64521213615061}]},{"Id":"L55","Type":"STEPFLASH","Points":[{"Id":"C47","CoordinateX":7.5325881040375675,"CoordinateY":10.78430377472192,"CoordinateZ":13.64521213615061},{"Id":"C44","CoordinateX":7.5325881040375675,"CoordinateY":12.039735122658312,"CoordinateZ":14.230629388571028}]}],"Pitchuom":"","Sizeuom":"","Material":""}},{"Id":"F1","Type":"ROOF","Children":["F10","F14"],"Polygon":{"Id":"P1","Orientation":0.0,"Pitch":6.0,"Size":864.3,"Lines":[{"Id":"L8","Type":"EAVE","Points":[{"Id":"C12","CoordinateX":3.8184225559234617E-10,"CoordinateY":29.520000007636842,"CoordinateZ":9.84},{"Id":"C13","CoordinateX":59.36800000068731,"CoordinateY":29.520000007636842,"CoordinateZ":9.84}]},{"Id":"L34","Type":"RAKE","Points":[{"Id":"C3","CoordinateX":3.8184225559234617E-10,"CoordinateY":16.07200001038611,"CoordinateZ":16.110905382465567},{"Id":"C12","CoordinateX":3.8184225559234617E-10,"CoordinateY":29.520000007636842,"CoordinateZ":9.84}]},{"Id":"L2","Type":"RIDGE","Points":[{"Id":"C3","CoordinateX":3.8184225559234617E-10,"CoordinateY":16.07200001038611,"CoordinateZ":16.110905382465567},{"Id":"C4","CoordinateX":47.88799999992363,"CoordinateY":16.07200001038611,"CoordinateZ":16.110905382465567}]},{"Id":"L32","Type":"RAKE","Points":[{"Id":"C4","CoordinateX":47.88799999992363,"CoordinateY":16.07200001038611,"CoordinateZ":16.110905382465567},{"Id":"C1","CoordinateX":47.88800000030547,"CoordinateY":17.384000007025897,"CoordinateZ":15.499109738525}]},{"Id":"L1","Type":"RIDGE","Points":[{"Id":"C1","CoordinateX":47.88800000030547,"CoordinateY":17.384000007025897,"CoordinateZ":15.499109738525},{"Id":"C2","CoordinateX":59.36800000068731,"CoordinateY":17.384000007025897,"CoordinateZ":15.499109738525}]},{"Id":"L30","Type":"RAKE","Points":[{"Id":"C2","CoordinateX":59.36800000068731,"CoordinateY":17.384000007025897,"CoordinateZ":15.499109738525},{"Id":"C13","CoordinateX":59.36800000068731,"CoordinateY":29.520000007636842,"CoordinateZ":9.84}]}],"Pitchuom":"slope","Sizeuom":"sf","Material":"Tiles"}},{"Id":"F2","Type":"ROOF","Children":[],"Polygon":{"Id":"P2","Orientation":0.0,"Pitch":6.0,"Size":166.9,"Lines":[{"Id":"L31","Type":"RAKE","Points":[{"Id":"C2","CoordinateX":59.36800000068731,"CoordinateY":17.384000007025897,"CoordinateZ":15.499109738525},{"Id":"C15","CoordinateX":59.36800000068731,"CoordinateY":5.24800000641495,"CoordinateZ":9.84}]},{"Id":"L9","Type":"EAVE","Points":[{"Id":"C14","CoordinateX":46.90399999786168,"CoordinateY":5.24800000641495,"CoordinateZ":9.84},{"Id":"C15","CoordinateX":59.36800000068731,"CoordinateY":5.24800000641495,"CoordinateZ":9.84}]},{"Id":"L16","Type":"STEPFLASH","Points":[{"Id":"C25","CoordinateX":46.90399999938905,"CoordinateY":17.384000007025897,"CoordinateZ":15.499109738525},{"Id":"C14","CoordinateX":46.90399999786168,"CoordinateY":5.24800000641495,"CoordinateZ":9.84}]},{"Id":"L21","Type":"FLASHING","Points":[{"Id":"C25","CoordinateX":46.90399999938905,"CoordinateY":17.384000007025897,"CoordinateZ":15.499109738525},{"Id":"C1","CoordinateX":47.88800000030547,"CoordinateY":17.384000007025897,"CoordinateZ":15.499109738525}]},{"Id":"L1","Type":"RIDGE","Points":[{"Id":"C1","CoordinateX":47.88800000030547,"CoordinateY":17.384000007025897,"CoordinateZ":15.499109738525},{"Id":"C2","CoordinateX":59.36800000068731,"CoordinateY":17.384000007025897,"CoordinateZ":15.499109738525}]}],"Pitchuom":"slope","Sizeuom":"sf","Material":"Tiles"}},{"Id":"F3","Type":"ROOF","Children":["F11","F12","F13"],"Polygon":{"Id":"P3","Orientation":180.0,"Pitch":6.0,"Size":583.8,"Lines":[{"Id":"L33","Type":"RAKE","Points":[{"Id":"C4","CoordinateX":47.88799999992363,"CoordinateY":16.07200001038611,"CoordinateZ":16.110905382465567},{"Id":"C23","CoordinateX":47.88800000068731,"CoordinateY":2.6240000039711595,"CoordinateZ":9.83999999694526}]},{"Id":"L14","Type":"EAVE","Points":[{"Id":"C22","CoordinateX":18.69599999908358,"CoordinateY":2.6240000039711595,"CoordinateZ":9.839999997708945},{"Id":"C23","CoordinateX":47.88800000068731,"CoordinateY":2.6240000039711595,"CoordinateZ":9.83999999694526}]},{"Id":"L18","Type":"STEPFLASH","Points":[{"Id":"C27","CoordinateX":18.69599999908358,"CoordinateY":5.903999990224838,"CoordinateZ":11.369489111378787},{"Id":"C22","CoordinateX":18.69599999908358,"CoordinateY":2.6240000039711595,"CoordinateZ":9.839999997708945}]},{"Id":"L23","Type":"FLASHING","Points":[{"Id":"C27","CoordinateX":18.69599999908358,"CoordinateY":5.903999990224838,"CoordinateZ":11.369489111378787},{"Id":"C19","CoordinateX":19.679999999236315,"CoordinateY":5.903999990224838,"CoordinateZ":11.36948911152115}]},{"Id":"L27","Type":"VALLEY","Points":[{"Id":"C19","CoordinateX":19.679999999236315,"CoordinateY":5.903999990224838,"CoordinateZ":11.36948911152115},{"Id":"C8","CoordinateX":12.299999993508681,"CoordinateY":13.283999997861683,"CoordinateZ":14.810839631168633}]},{"Id":"L25","Type":"VALLEY","Points":[{"Id":"C17","CoordinateX":1.64,"CoordinateY":2.6240000039711595,"CoordinateZ":9.839999996971414},{"Id":"C8","CoordinateX":12.299999993508681,"CoordinateY":13.283999997861683,"CoordinateZ":14.810839631168633}]},{"Id":"L10","Type":"EAVE","Points":[{"Id":"C16","CoordinateX":0.0,"CoordinateY":2.6240000039711595,"CoordinateZ":9.83999999694526},{"Id":"C17","CoordinateX":1.64,"CoordinateY":2.6240000039711595,"CoordinateZ":9.839999996971414}]},{"Id":"L35","Type":"RAKE","Points":[{"Id":"C3","CoordinateX":3.8184225559234617E-10,"CoordinateY":16.07200001038611,"CoordinateZ":16.110905382465567},{"Id":"C16","CoordinateX":0.0,"CoordinateY":2.6240000039711595,"CoordinateZ":9.83999999694526}]},{"Id":"L2","Type":"RIDGE","Points":[{"Id":"C3","CoordinateX":3.8184225559234617E-10,"CoordinateY":16.07200001038611,"CoordinateZ":16.110905382465567},{"Id":"C4","CoordinateX":47.88799999992363,"CoordinateY":16.07200001038611,"CoordinateZ":16.110905382465567}]},{"Id":"L29","Type":"VALLEY","Points":[{"Id":"C28","CoordinateX":45.91999999350868,"CoordinateY":4.5920000226050615,"CoordinateZ":10.757693481130419},{"Id":"C10","CoordinateX":41.819999999618155,"CoordinateY":8.692000010386108,"CoordinateZ":12.669554877895292}]},{"Id":"L28","Type":"VALLEY","Points":[{"Id":"C30","CoordinateX":37.72000000610947,"CoordinateY":4.5920000226050615,"CoordinateZ":10.757693480366738},{"Id":"C10","CoordinateX":41.819999999618155,"CoordinateY":8.692000010386108,"CoordinateZ":12.669554877895292}]},{"Id":"L20","Type":"STEPFLASH","Points":[{"Id":"C30","CoordinateX":37.72000000610947,"CoordinateY":4.5920000226050615,"CoordinateZ":10.757693480366738},{"Id":"C31","CoordinateX":38.837556841410695,"CoordinateY":5.576000006720423,"CoordinateZ":11.216540205685318}]},{"Id":"L24","Type":"FLASHING","Points":[{"Id":"C31","CoordinateX":38.837556841410695,"CoordinateY":5.576000006720423,"CoordinateZ":11.216540205685318},{"Id":"C29","CoordinateX":44.80244315820746,"CoordinateY":5.576000006720423,"CoordinateZ":11.216540205685318}]},{"Id":"L19","Type":"STEPFLASH","Points":[{"Id":"C28","CoordinateX":45.91999999350868,"CoordinateY":4.5920000226050615,"CoordinateZ":10.757693481130419},{"Id":"C29","CoordinateX":44.80244315820746,"CoordinateY":5.576000006720423,"CoordinateZ":11.216540205685318}]}],"Pitchuom":"slope","Sizeuom":"sf","Material":"Tiles"}},{"Id":"F4","Type":"ROOF","Children":[],"Polygon":{"Id":"P4","Orientation":270.0,"Pitch":6.0,"Size":30.9,"Lines":[{"Id":"L6","Type":"HIP","Points":[{"Id":"C11","CoordinateX":1.64,"CoordinateY":0.0,"CoordinateZ":9.83999999484513},{"Id":"C7","CoordinateX":12.299999994654208,"CoordinateY":10.659999993890523,"CoordinateZ":14.810839629354886}]},{"Id":"L4","Type":"RIDGE","Points":[{"Id":"C7","CoordinateX":12.299999994654208,"CoordinateY":10.659999993890523,"CoordinateZ":14.810839629354886},{"Id":"C8","CoordinateX":12.299999993508681,"CoordinateY":13.283999997861683,"CoordinateZ":14.810839631168633}]},{"Id":"L25","Type":"VALLEY","Points":[{"Id":"C17","CoordinateX":1.64,"CoordinateY":2.6240000039711595,"CoordinateZ":9.839999996971414},{"Id":"C8","CoordinateX":12.299999993508681,"CoordinateY":13.283999997861683,"CoordinateZ":14.810839631168633}]},{"Id":"L11","Type":"EAVE","Points":[{"Id":"C11","CoordinateX":1.64,"CoordinateY":0.0,"CoordinateZ":9.83999999484513},{"Id":"C17","CoordinateX":1.64,"CoordinateY":2.6240000039711595,"CoordinateZ":9.839999996971414}]}],"Pitchuom":"slope","Sizeuom":"sf","Material":"Tiles"}},{"Id":"F5","Type":"ROOF","Children":[],"Polygon":{"Id":"P5","Orientation":180.0,"Pitch":6.0,"Size":60.7,"Lines":[{"Id":"L6","Type":"HIP","Points":[{"Id":"C11","CoordinateX":1.64,"CoordinateY":0.0,"CoordinateZ":9.83999999484513},{"Id":"C7","CoordinateX":12.299999994654208,"CoordinateY":10.659999993890523,"CoordinateZ":14.810839629354886}]},{"Id":"L7","Type":"HIP","Points":[{"Id":"C6","CoordinateX":14.759999998854472,"CoordinateY":8.200000003054738,"CoordinateZ":13.66372279171143},{"Id":"C7","CoordinateX":12.299999994654208,"CoordinateY":10.659999993890523,"CoordinateZ":14.810839629354886}]},{"Id":"L26","Type":"VALLEY","Points":[{"Id":"C21","CoordinateX":9.840000000763684,"CoordinateY":3.280000003054738,"CoordinateZ":11.369489111946992},{"Id":"C6","CoordinateX":14.759999998854472,"CoordinateY":8.200000003054738,"CoordinateZ":13.66372279171143}]},{"Id":"L22","Type":"FLASHING","Points":[{"Id":"C21","CoordinateX":9.840000000763684,"CoordinateY":3.280000003054738,"CoordinateZ":11.369489111946992},{"Id":"C26","CoordinateX":10.824000000152736,"CoordinateY":3.2799999969452616,"CoordinateZ":11.369489111378787}]},{"Id":"L17","Type":"STEPFLASH","Points":[{"Id":"C26","CoordinateX":10.824000000152736,"CoordinateY":3.2799999969452616,"CoordinateZ":11.369489111378787},{"Id":"C24","CoordinateX":10.823999999770894,"CoordinateY":0.0,"CoordinateZ":9.839999994654207}]},{"Id":"L15","Type":"EAVE","Points":[{"Id":"C11","CoordinateX":1.64,"CoordinateY":0.0,"CoordinateZ":9.83999999484513},{"Id":"C24","CoordinateX":10.823999999770894,"CoordinateY":0.0,"CoordinateZ":9.839999994654207}]}],"Pitchuom":"slope","Sizeuom":"sf","Material":"Tiles"}},{"Id":"F6","Type":"ROOF","Children":[],"Polygon":{"Id":"P6","Orientation":270.0,"Pitch":6.0,"Size":31.2,"Lines":[{"Id":"L3","Type":"RIDGE","Points":[{"Id":"C5","CoordinateX":14.759999998854472,"CoordinateY":7.636845111846923E-9,"CoordinateZ":13.663722790279525},{"Id":"C6","CoordinateX":14.759999998854472,"CoordinateY":8.200000003054738,"CoordinateZ":13.66372279171143}]},{"Id":"L26","Type":"VALLEY","Points":[{"Id":"C21","CoordinateX":9.840000000763684,"CoordinateY":3.280000003054738,"CoordinateZ":11.369489111946992},{"Id":"C6","CoordinateX":14.759999998854472,"CoordinateY":8.200000003054738,"CoordinateZ":13.66372279171143}]},{"Id":"L13","Type":"EAVE","Points":[{"Id":"C20","CoordinateX":9.839999999618158,"CoordinateY":7.636845111846923E-9,"CoordinateZ":11.369489111946992},{"Id":"C21","CoordinateX":9.840000000763684,"CoordinateY":3.280000003054738,"CoordinateZ":11.369489111946992}]},{"Id":"L36","Type":"RAKE","Points":[{"Id":"C5","CoordinateX":14.759999998854472,"CoordinateY":7.636845111846923E-9,"CoordinateZ":13.663722790279525},{"Id":"C20","CoordinateX":9.839999999618158,"CoordinateY":7.636845111846923E-9,"CoordinateZ":11.369489111946992}]}],"Pitchuom":"slope","Sizeuom":"sf","Material":"Tiles"}},{"Id":"F7","Type":"ROOF","Children":[],"Polygon":{"Id":"P7","Orientation":90.0,"Pitch":6.0,"Size":52.5,"Lines":[{"Id":"L3","Type":"RIDGE","Points":[{"Id":"C5","CoordinateX":14.759999998854472,"CoordinateY":7.636845111846923E-9,"CoordinateZ":13.663722790279525},{"Id":"C6","CoordinateX":14.759999998854472,"CoordinateY":8.200000003054738,"CoordinateZ":13.66372279171143}]},{"Id":"L7","Type":"HIP","Points":[{"Id":"C6","CoordinateX":14.759999998854472,"CoordinateY":8.200000003054738,"CoordinateZ":13.66372279171143},{"Id":"C7","CoordinateX":12.299999994654208,"CoordinateY":10.659999993890523,"CoordinateZ":14.810839629354886}]},{"Id":"L4","Type":"RIDGE","Points":[{"Id":"C7","CoordinateX":12.299999994654208,"CoordinateY":10.659999993890523,"CoordinateZ":14.810839629354886},{"Id":"C8","CoordinateX":12.299999993508681,"CoordinateY":13.283999997861683,"CoordinateZ":14.810839631168633}]},{"Id":"L27","Type":"VALLEY","Points":[{"Id":"C19","CoordinateX":19.679999999236315,"CoordinateY":5.903999990224838,"CoordinateZ":11.36948911152115},{"Id":"C8","CoordinateX":12.299999993508681,"CoordinateY":13.283999997861683,"CoordinateZ":14.810839631168633}]},{"Id":"L12","Type":"EAVE","Points":[{"Id":"C18","CoordinateX":19.67999999847263,"CoordinateY":7.636845111846923E-9,"CoordinateZ":11.36948911152115},{"Id":"C19","CoordinateX":19.679999999236315,"CoordinateY":5.903999990224838,"CoordinateZ":11.36948911152115}]},{"Id":"L37","Type":"RAKE","Points":[{"Id":"C5","CoordinateX":14.759999998854472,"CoordinateY":7.636845111846923E-9,"CoordinateZ":13.663722790279525},{"Id":"C18","CoordinateX":19.67999999847263,"CoordinateY":7.636845111846923E-9,"CoordinateZ":11.36948911152115}]}],"Pitchuom":"slope","Sizeuom":"sf","Material":"Tiles"}},{"Id":"F8","Type":"ROOF","Children":[],"Polygon":{"Id":"P8","Orientation":90.0,"Pitch":6.0,"Size":9.3,"Lines":[{"Id":"L5","Type":"RIDGE","Points":[{"Id":"C9","CoordinateX":41.819999999618155,"CoordinateY":4.591999999694526,"CoordinateZ":12.669554877227066},{"Id":"C10","CoordinateX":41.819999999618155,"CoordinateY":8.692000010386108,"CoordinateZ":12.669554877895292}]},{"Id":"L29","Type":"VALLEY","Points":[{"Id":"C28","CoordinateX":45.91999999350868,"CoordinateY":4.5920000226050615,"CoordinateZ":10.757693481130419},{"Id":"C10","CoordinateX":41.819999999618155,"CoordinateY":8.692000010386108,"CoordinateZ":12.669554877895292}]},{"Id":"L39","Type":"RAKE","Points":[{"Id":"C9","CoordinateX":41.819999999618155,"CoordinateY":4.591999999694526,"CoordinateZ":12.669554877227066},{"Id":"C28","CoordinateX":45.91999999350868,"CoordinateY":4.5920000226050615,"CoordinateZ":10.757693481130419}]}],"Pitchuom":"slope","Sizeuom":"sf","Material":"Tiles"}},{"Id":"F9","Type":"ROOF","Children":[],"Polygon":{"Id":"P9","Orientation":270.0,"Pitch":6.0,"Size":9.3,"Lines":[{"Id":"L5","Type":"RIDGE","Points":[{"Id":"C9","CoordinateX":41.819999999618155,"CoordinateY":4.591999999694526,"CoordinateZ":12.669554877227066},{"Id":"C10","CoordinateX":41.819999999618155,"CoordinateY":8.692000010386108,"CoordinateZ":12.669554877895292}]},{"Id":"L28","Type":"VALLEY","Points":[{"Id":"C30","CoordinateX":37.72000000610947,"CoordinateY":4.5920000226050615,"CoordinateZ":10.757693480366738},{"Id":"C10","CoordinateX":41.819999999618155,"CoordinateY":8.692000010386108,"CoordinateZ":12.669554877895292}]},{"Id":"L38","Type":"RAKE","Points":[{"Id":"C9","CoordinateX":41.819999999618155,"CoordinateY":4.591999999694526,"CoordinateZ":12.669554877227066},{"Id":"C30","CoordinateX":37.72000000610947,"CoordinateY":4.5920000226050615,"CoordinateZ":10.757693480366738}]}],"Pitchuom":"slope","Sizeuom":"sf","Material":"Tiles"}}]}]}